,url,SalePrice,Address,Neighborhood,Type,YearBlt,LotSize,LotSize_2,bedrooms,bathrooms,full_brs,1/2_brs,kitchen_level,kitchen_area,kitchen_misc,family_desc,family_level,family_area,famly_misc,dining_desc,dining_level,dining_area,dining_misc,living_desc,living_level,basement_area,basement_qual,flooring_desc,heat_desc,cooling_desc,appliances,interior_desc,interior_door
0,https://www.zillow.com/homedetails/5414-S-Wood-St-Chicago-IL-60609/2137158485_zpid/,"239,500","5414 S Wood St,"," Chicago, IL 60609",Multi Family,1910,,--, 6, 2, 2,,,,,,,,,,,,,,,," Full,Unfinished",," Natural Gas, Forced Air",,,,
1,https://www.zillow.com/homedetails/655-W-Irving-Park-Rd-APT-5308-Chicago-IL-60613/65561300_zpid/,"199,900","655 W Irving Park Rd APT 5308,"," Chicago, IL 60613",Condominium,1973,,800, 1, 1, 1,, Main, 63 ,,,,,," Windows(None),Flooring(Hardwood)", Main, 240 , Combined w/ LivRm, Flooring(Hardwood), Main,, None, Hardwood, Forced Air," Central Air, Zoned"," Range, Dishwasher, Refrigerator",,
2,https://www.zillow.com/homedetails/5414-S-Wood-St-Chicago-IL-60609/2137158485_zpid/,"239,500","5414 S Wood St,"," Chicago, IL 60609",Multi Family,1910,,--, 6, 2, 2,,,,,,,,,,,,,,,," Full,Unfinished",," Natural Gas, Forced Air",,,,
3,https://www.zillow.com/homedetails/655-W-Irving-Park-Rd-APT-5308-Chicago-IL-60613/65561300_zpid/,"199,900","655 W Irving Park Rd APT 5308,"," Chicago, IL 60613",Condominium,1973,,800, 1, 1, 1,, Main, 63 ,,,,,," Windows(None),Flooring(Hardwood)", Main, 240 , Combined w/ LivRm, Flooring(Hardwood), Main,, None, Hardwood, Forced Air," Central Air, Zoned"," Range, Dishwasher, Refrigerator",,
4,https://www.zillow.com/homedetails/1368-N-Geneva-Dr-UNIT-2A-Palatine-IL-60074/80818123_zpid/,"105,000","1368 N Geneva Dr UNIT 2A,"," Palatine, IL 60074",Condominium,1990,,--, 2, 1, 1,, Second, 96 ," Eating Area-Breakfast Bar, Eating Area-Table Space",,,,," Windows(None),Flooring(Carpet)", Second, 216 , Separate," Windows(All),Flooring(Carpet)", Second,, None,, Electric, 2 (Window/Wall Unit)," Range, Dishwasher, Refrigerator", Storage,
5,https://www.zillow.com/homedetails/5757-N-Sheridan-Rd-APT-7A-Chicago-IL-60660/3694680_zpid/,"325,000","5757 N Sheridan Rd APT 7A,"," Chicago, IL 60660",Condominium,1968,,"1,500", 3, 2, 2,, Main, 198 , Eating Area-Breakfast Bar,,,,, Flooring(Other), Main, 221 , Combined w/ LivRm, Flooring(Other), Main,, None, Wood Laminate Floors," Natural Gas, Radiators", 3+ (Window/Wall Unit)," Range, Microwave, Dishwasher, Refrigerator, Stainless Steel Appliance(s), Wine Refrigerator"," Elevator, Storage, Lobby",
6,https://www.zillow.com/homedetails/3413-W-123rd-Pl-Alsip-IL-60803/4102388_zpid/,"204,900","3413 W 123rd Pl,"," Alsip, IL 60803",Single Family Residence,1967,"6,011 sqft","1,166", 3, 1, 1,, Main, 190 , Eating Area-Table Space,,,,,,, 285 ,, Flooring(Carpet), Main,," Full,Finished",," Natural Gas, Forced Air", Central Air," Range, Dishwasher, Refrigerator",,
7,https://www.zillow.com/homedetails/16019-Laurel-Dr-Orland-Park-IL-60462/4193051_zpid/,"229,900","16019 Laurel Dr,"," Orland Park, IL 60462",Townhouse,1995,No Data,"1,496", 2, 2, 1, 1, Main, 153 ," Galley, Pantry-Closet", Flooring(Other), Basement, 400 ,," Windows(All),Flooring(Hardwood)", Main, 234 ,," Windows(All),Flooring(Hardwood)", Main,," Full,Finished"," Hardwood, Wood Laminate Floors"," Natural Gas, Forced Air", Central Air," Range, Microwave, Dishwasher, Refrigerator, Washer, Dryer"," Vaulted/Cathedral Ceilings, Walk-In Closet(s)",
8,https://www.zillow.com/homedetails/10321-S-Green-Bay-Ave-Chicago-IL-60617/4169097_zpid/,"160,000","10321 S Green Bay Ave,"," Chicago, IL 60617",Single Family Residence,1971,"3,136 sqft","1,040", 3, 1, 1,, Main, 81 ,,, Basement, 300 ,,, Main, 96 ,,, Main,," Full,Partially Finished",," Natural Gas, Forced Air", Central Air,,,
9,https://www.zillow.com/homedetails/1224-W-Van-Buren-St-APT-806-Chicago-IL-60607/2132155803_zpid/,"299,900","1224 W Van Buren St APT 806,"," Chicago, IL 60607",Condominium,1946,,"1,048", 2, 2, 1, 1, Main, 81 ,,,,,, Flooring(Hardwood), Main, 228 ,,, Main,, None,, Natural Gas, Central Air,,,
10,https://www.zillow.com/homedetails/2929-N-Lincoln-Ave-APT-3-Chicago-IL-60657/87691844_zpid/,"568,000","2929 N Lincoln Ave APT 3,"," Chicago, IL 60657",Condominium,2006,,"1,561", 3, 2, 2,, Main, 160 ," Eating Area-Breakfast Bar, Pantry-Closet",,,,," Windows(Curtains/Drapes),Flooring(Hardwood)", Main, 252 , Combined w/ LivRm," Windows(Curtains/Drapes),Flooring(Hardwood)", Main,, None, Hardwood," Natural Gas, Forced Air", Central Air," Range, Microwave, Dishwasher, High End Refrigerator, Washer, Dryer, Disposal, Stainless Steel Appliance(s), Gas Cooktop, Humidifier"," Walk-In Closet(s), 9' Ceiling",
11,https://www.zillow.com/homedetails/5300-S-Shore-Dr-APT-21-Chicago-IL-60615/2070488904_zpid/,"389,000","5300 S Shore Dr APT 21,"," Chicago, IL 60615",Condominium,1920,,"3,500", 4, 3, 3,, Main, 132 ,,,,,, Flooring(Hardwood), Main, 300 ,, Flooring(Hardwood), Main,, None,, Natural Gas, 3+ (Window/Wall Unit),,,
12,https://www.zillow.com/homedetails/26-E-14th-Pl-APT-5W-Chicago-IL-60605/2091877713_zpid/,"670,000","26 E 14th Pl APT 5W,"," Chicago, IL 60605",Townhouse,2004,No Data,"2,700", 3, 4, 3, 1, Second, 120 ," Custom Cabinetry, Updated Kitchen"," Windows(Curtains/Drapes),Flooring(Hardwood)", Third, 204 ,, Flooring(Hardwood), Second, 238 ," Separate, Kitchen/Dining Combo", Flooring(Hardwood), Second,, None, Hardwood," Natural Gas, Zoned"," Central Air, Zoned, Dual"," Range, Microwave, Dishwasher, High End Refrigerator, Washer, Dryer, Disposal, Range Hood, Gas Cooktop, Gas Oven, Humidifier", Vaulted/Cathedral Ceilings," Lever Style Door Handles, Pocket Door(s)"
13,https://www.zillow.com/homedetails/26-E-14th-Pl-APT-5W-Chicago-IL-60605/2091877713_zpid/,"670,000","26 E 14th Pl APT 5W,"," Chicago, IL 60605",Townhouse,2004,No Data,"2,700", 3, 4, 3, 1, Second, 120 ," Custom Cabinetry, Updated Kitchen"," Windows(Curtains/Drapes),Flooring(Hardwood)", Third, 204 ,, Flooring(Hardwood), Second, 238 ," Separate, Kitchen/Dining Combo", Flooring(Hardwood), Second,, None, Hardwood," Natural Gas, Zoned"," Central Air, Zoned, Dual"," Range, Microwave, Dishwasher, High End Refrigerator, Washer, Dryer, Disposal, Range Hood, Gas Cooktop, Gas Oven, Humidifier", Vaulted/Cathedral Ceilings," Lever Style Door Handles, Pocket Door(s)"
14,https://www.zillow.com/homedetails/2700-W-Armitage-Ave-Chicago-IL-60647/2070202392_zpid/,"437,000","2700 W Armitage Ave,"," Chicago, IL 60647",Multi Family,1891,,--, 4, 2, 2,,,,,,,,,,,,,,,," Full,Partially Finished",, Natural Gas,,,,
15,https://www.zillow.com/homedetails/Chicago-IL-60621/4007013_zpid/,"149,900","(Undisclosed Address),"," Chicago, IL 60621",Single Family Residence,1958,"3,005 sqft","1,091", 3, 1, 1,, Main, 120 ,,,,,,,, 208 ,,, Main,, None,," Natural Gas, Forced Air", Central Air,,,
16,https://www.zillow.com/homedetails/5920-S-Artesian-Ave-Chicago-IL-60629/3933254_zpid/,"339,500","5920 S Artesian Ave,"," Chicago, IL 60629",Single Family Residence,1920,"3,746 sqft","2,100", 4, 3, 2, 1, Main, 143 ," Eating Area-Breakfast Bar, Pantry-Closet, Updated Kitchen", Flooring(Carpet), Basement, 168 ,," Windows(Blinds),Flooring(Wood Laminate)", Main, 187 , Kitchen/Dining Combo," Windows(Blinds,Some Stained Glass),Flooring(Wood Laminate)", Main,," Full,Walkout,Finished,Rec/Family Area,Sleeping Area"," Wood Laminate Floors, Some Carpeting, Some Wood Floors, Some Wall-To-Wall Cp"," Natural Gas, Forced Air, Baseboard", Central Air," Double Oven, Dishwasher, Refrigerator, Stainless Steel Appliance(s), Range Hood, Gas Oven, Humidifier"," In-Law Floorplan, Walk-In Closet(s), 9' Ceiling, Open Floorplan, Dining Combo",
17,https://www.zillow.com/homedetails/545-S-River-Rd-APT-702-Des-Plaines-IL-60016/2070202528_zpid/,"250,000","545 S River Rd APT 702,"," Des Plaines, IL 60016",Condominium,1989,,"1,977", 3, 3, 3,, Main, 117 ," Breakfast Room, Granite Counters",,,,, Flooring(Carpet), Main, 285 , Combined w/ LivRm, Flooring(Carpet), Main,, None,," Natural Gas, Forced Air", Central Air," Range, Microwave, Dishwasher, Refrigerator, Washer, Dryer, Gas Oven"," Elevator, Storage, Lobby",
18,https://www.zillow.com/homedetails/3406-W-Franklin-Blvd-Chicago-IL-60624/3810458_zpid/,"250,000","3406 W Franklin Blvd,"," Chicago, IL 60624",Single Family Residence,1911,"3,750 sqft","3,750", 3, 3, 2, 1, Main, 144 ,,, Main, 120 ,,, Main, 240 ,,, Main,," Full,Unfinished",," Natural Gas, Forced Air", None,,,
19,https://www.zillow.com/homedetails/1327-W-Lunt-Ave-APT-1B-Chicago-IL-60626/3573692_zpid/,"249,000","1327 W Lunt Ave APT 1B,"," Chicago, IL 60626",Condominium,1920,,"1,200", 2, 2, 2,, Main, 112 ," Eating Area-Breakfast Bar, Galley, Granite Counters",,,,, Flooring(Hardwood), Main, 234 , Separate, Flooring(Hardwood), Main,, None, Hardwood, Steam, 2 (Window/Wall Unit)," Range, Microwave, Dishwasher, Refrigerator, Stainless Steel Appliance(s), Range Hood"," Built-in Features, 9' Ceiling, Granite Counters, Health Facilities, Separate Dining Room",
20,https://www.zillow.com/homedetails/1522-S-Princeton-Ave-Arlington-Heights-IL-60005/3445012_zpid/,"479,900","1522 S Princeton Ave,"," Arlington Heights, IL 60005",Single Family Residence,1970,"9,975 sqft","2,762", 4, 3, 2, 1, Main, 100 ," Eating Area-Table Space, Pantry-Closet", Flooring(Carpet), Main, 240 ,, Flooring(Hardwood), Main, 252 , Separate, Flooring(Hardwood), Main,," Full,Finished", Hardwood, Natural Gas, Central Air," Range, Microwave, Dishwasher, Refrigerator, Washer, Dryer, Disposal, Stainless Steel Appliance(s), Cooktop",,
21,https://www.zillow.com/homedetails/7133-W-Wright-Ter-Niles-IL-60714/3530329_zpid/,"459,900","7133 W Wright Ter,"," Niles, IL 60714",Single Family Residence,1959,"6,359 sqft","1,126", 3, 2, 2,, Main, 180 , Eating Area-Table Space," Windows(None),Flooring(Wood Laminate)", Basement, 506 ,," Windows(None),Flooring(Hardwood)", Main, 192 , Combined w/ LivRm," Windows(None),Flooring(Hardwood)", Main,," Full,Finished",, Natural Gas, Central Air," Refrigerator, Washer, Dryer, Cooktop, Built-In Oven",,
22,https://www.zillow.com/homedetails/3540-N-Octavia-Ave-Chicago-IL-60634/3599524_zpid/,"299,000","3540 N Octavia Ave,"," Chicago, IL 60634",Single Family Residence,1929,"3,789 sqft","1,100", 6, 2, 2,, Main, 216 ,,, Basement, 240 ,,, Main, 240 ,,, Main,," Full,Finished",, Natural Gas, Central Air,,,
23,https://www.zillow.com/homedetails/3540-N-Octavia-Ave-Chicago-IL-60634/3599524_zpid/,"299,000","3540 N Octavia Ave,"," Chicago, IL 60634",Single Family Residence,1929,"3,789 sqft","1,100", 6, 2, 2,, Main, 216 ,,, Basement, 240 ,,, Main, 240 ,,, Main,," Full,Finished",, Natural Gas, Central Air,,,
24,https://www.zillow.com/homedetails/170-N-Northwest-Hwy-APT-306-Park-Ridge-IL-60068/89945735_zpid/,"355,000","170 N Northwest Hwy APT 306,"," Park Ridge, IL 60068",Condominium,2006,,"1,100", 2, 2, 2,, Main, 120 , Eating Area-Breakfast Bar,,,,," Windows(All),Flooring(Hardwood)", Main, 270 , Combined w/ LivRm, Flooring(Hardwood), Main,, None, Hardwood," Natural Gas, Forced Air", Central Air," Range, Microwave, Dishwasher, Refrigerator, Washer, Dryer, Disposal"," Vaulted/Cathedral Ceilings, Elevator, Storage, Lobby, Shops",
25,https://www.zillow.com/homedetails/170-N-Northwest-Hwy-APT-306-Park-Ridge-IL-60068/89945735_zpid/,"355,000","170 N Northwest Hwy APT 306,"," Park Ridge, IL 60068",Condominium,2006,,"1,100", 2, 2, 2,, Main, 120 , Eating Area-Breakfast Bar,,,,," Windows(All),Flooring(Hardwood)", Main, 270 , Combined w/ LivRm, Flooring(Hardwood), Main,, None, Hardwood," Natural Gas, Forced Air", Central Air," Range, Microwave, Dishwasher, Refrigerator, Washer, Dryer, Disposal"," Vaulted/Cathedral Ceilings, Elevator, Storage, Lobby, Shops",
26,https://www.zillow.com/homedetails/1740-N-Maplewood-Ave-APT-405-Chicago-IL-60647/63693621_zpid/,"399,900","1740 N Maplewood Ave APT 405,"," Chicago, IL 60647",Condominium,No Data,,"1,102", 2, 2, 2,, Main, 99 , Island,,,,, Flooring(Hardwood), Main, 238 , Combined w/ LivRm, Flooring(Hardwood), Main,, None, Hardwood," Natural Gas, Forced Air", Central Air," Range, Microwave, Dishwasher, Refrigerator, Washer, Dryer, Disposal",,
27,https://www.zillow.com/homedetails/5303-N-Oconto-Ave-Chicago-IL-60656/3584650_zpid/,"425,000","5303 N Oconto Ave,"," Chicago, IL 60656",Multi Family,1947,,"2,000", 4, 3, 2, 1, Main, 260 ," Eating Area-Breakfast Bar, Eating Area-Table Space", Flooring(Hardwood), Main, 260 ,,, Main, 480 , Combined w/ LivRm, Flooring(Hardwood), Main,," Full,Partially Finished,Concrete Block,Storage Space", Hardwood, Natural Gas, Central Air," Range, Microwave, Dishwasher, Refrigerator, Washer, Dryer, Disposal, Stainless Steel Appliance(s)"," Open Floorplan, Dining Combo",
28,https://www.zillow.com/homedetails/1425-E-69th-Pl-Chicago-IL-60637/2137931097_zpid/,"305,000","1425 E 69th Pl,"," Chicago, IL 60637",Multi Family,1908,,--, 7, 3, 3,,,,,,,,,,,,,,,," Full,Finished",, Natural Gas,,,,
29,https://www.zillow.com/homedetails/13112-S-Muskegon-Ave-Chicago-IL-60633/4174915_zpid/,"299,900","13112 S Muskegon Ave,"," Chicago, IL 60633",Single Family Residence,1942,No Data,"1,300", 4, 2, 2,, Main, 192 ,,,,,,,, 195 ,, Flooring(Hardwood), Main,," Full,Partially Finished",," Natural Gas, Forced Air", Central Air," Range, Dishwasher, Refrigerator, Washer, Dryer",,
30,https://www.zillow.com/homedetails/635-Perrie-Dr-APT-307-Elk-Grove-Village-IL-60007/89898201_zpid/,"240,000","635 Perrie Dr APT 307,"," Elk Grove Village, IL 60007",Condominium,2006,,"1,420", 2, 2, 2,, Main, 130 ," Eating Area-Breakfast Bar, Eating Area-Table Space",,,,, Flooring(Hardwood), Main, 196 , Combined w/ LivRm, Flooring(Hardwood), Main,, None," Hardwood, Heated"," Natural Gas, Forced Air", Central Air," Range, Microwave, Dishwasher, Refrigerator, Washer, Dryer, Disposal"," Elevator, Storage",
31,https://www.zillow.com/homedetails/832-E-89th-St-Chicago-IL-60619/4113595_zpid/,"150,000","832 E 89th St,"," Chicago, IL 60619",Single Family Residence,1964,"5,009 sqft","1,200", 3, 2, 1, 1, Main, 280 ,,,,,,, Main, 336 ,,, Main,," Full,Finished",, Natural Gas, Central Air,,,
32,https://www.zillow.com/homedetails/906-W-Alleghany-Dr-APT-1C-Arlington-Heights-IL-60004/70452306_zpid/,"123,900","906 W Alleghany Dr APT 1C,"," Arlington Heights, IL 60004",Condominium,1973,,--, 1, 1, 1,, Main, 80 ,,,,,, Flooring(Wood Laminate), Main, 234 ,, Flooring(Wood Laminate), Main,, None, Wood Laminate Floors, Baseboard, 2 (Window/Wall Unit),," 1st Floor Bedroom, Storage",
33,https://www.zillow.com/homedetails/1919-W-Crystal-St-APT-201-Chicago-IL-60622/113956800_zpid/,"720,000","1919 W Crystal St APT 201,"," Chicago, IL 60622",Condominium,2009,,"1,725", 2, 2, 2,, Main, 140 , Island,,,,, Flooring(Hardwood), Main, 378 , Combined w/ LivRm, Flooring(Hardwood), Main,, None, Hardwood," Natural Gas, Forced Air", Central Air," Range, Dishwasher, Refrigerator, Freezer, Washer, Dryer, Disposal"," Vaulted/Cathedral Ceilings, 1st Floor Full Bath, Walk-In Closet(s)",
34,https://www.zillow.com/homedetails/9700-Merrimac-Ave-Oak-Lawn-IL-60453/4065455_zpid/,"309,500","9700 Merrimac Ave,"," Oak Lawn, IL 60453",Single Family Residence,1959,No Data,"1,800", 3, 2, 2,, Main, 121 ," Eating Area-Breakfast Bar, Updated Kitchen",,,,,, Main, 266 , Combined w/ FamRm, Flooring(Hardwood), Main,," None,Crawl", Hardwood," Natural Gas, Forced Air, 2+ Sep Heating Systems", Central Air," Range, Microwave, Dishwasher, Refrigerator, Washer, Dryer"," 1st Floor Bedroom, 1st Floor Full Bath",
35,https://www.zillow.com/homedetails/3427-Lake-St-Lansing-IL-60438/4293587_zpid/,"450,000","3427 Lake St,"," Lansing, IL 60438",Multi Family,1908,,--, 3, 2, 2,,,,,,,,,,,,,,,," Partial,Unfinished",, Natural Gas,,,,
36,https://www.zillow.com/homedetails/15267-Hiawatha-Trl-Orland-Park-IL-60462/4189906_zpid/,"365,000","15267 Hiawatha Trl,"," Orland Park, IL 60462",Single Family Residence,1967,0.27 Acres,"1,132", 4, 2, 2,, Main, 154 ,,,,,,, Main, 304 ,,, Main,," Full,Walkout,Finished,Rec/Family Area",, Natural Gas, Central Air,, In-Law Floorplan,
37,https://www.zillow.com/homedetails/15267-Hiawatha-Trl-Orland-Park-IL-60462/4189906_zpid/,"365,000","15267 Hiawatha Trl,"," Orland Park, IL 60462",Single Family Residence,1967,0.27 Acres,"1,132", 4, 2, 2,, Main, 154 ,,,,,,, Main, 304 ,,, Main,," Full,Walkout,Finished,Rec/Family Area",, Natural Gas, Central Air,, In-Law Floorplan,
38,https://www.zillow.com/homedetails/3174-Norwood-Ct-Streamwood-IL-60107/3393849_zpid/,"148,000","3174 Norwood Ct,"," Streamwood, IL 60107",Townhouse,1969,No Data,900, 2, 2, 1, 1, Main, 121 ," Eating Area-Breakfast Bar, Eating Area-Table Space, Pantry-Closet",,,,,,, 204 ,," Windows(Blinds),Flooring(Hardwood)", Main,," Full,Partially Finished", Hardwood," Natural Gas, Forced Air", Central Air," Range, Microwave, Refrigerator, Washer, Dryer", Storage,
39,https://www.zillow.com/homedetails/2502-W-Grenshaw-St-Chicago-IL-60612/158701734_zpid/,"575,000","2502 W Grenshaw St,"," Chicago, IL 60612",Single Family Residence,2016,No Data,"2,600", 4, 4, 3, 1, Main, 238 ," Eating Area-Breakfast Bar, Island"," Windows(None),Flooring(Carpet)", Basement, 459 ,," Windows(None),Flooring(Hardwood)", Main, 270 , Combined w/ LivRm," Windows(None),Flooring(Hardwood)", Main,," Full,Finished",," Natural Gas, Forced Air", Central Air," Range, Microwave, Dishwasher, Refrigerator, Washer, Dryer, Disposal, Stainless Steel Appliance(s), Humidifier",,
40,https://www.zillow.com/homedetails/5625-N-Spaulding-Ave-APT-1N-Chicago-IL-60659/89956851_zpid/,"175,000","5625 N Spaulding Ave APT 1N,"," Chicago, IL 60659",Condominium,1920,,"1,200", 3, 1, 1,, Main, 144 ," Eating Area-Breakfast Bar, Pantry-Closet",,,,,,, 280 ,, Flooring(Hardwood), Main,, None, Hardwood," Steam, Radiators", None," Range, Microwave, Dishwasher, Refrigerator, Disposal",,
41,https://www.zillow.com/homedetails/132-S-Krista-Ln-Palatine-IL-60074/3268645_zpid/,"475,000","132 S Krista Ln,"," Palatine, IL 60074",Single Family Residence,1990,"9,047 sqft","2,582", 5, 3, 2, 1, Main, 264 ," Eating Area-Breakfast Bar, Eating Area-Table Space"," Windows(Double Pane Windows,Screens),Flooring(Carpet)", Main, 247 ,," Windows(Double Pane Windows,Curtains/Drapes,Wood Frames),Flooring(Carpet)", Main, 225 , Separate," Windows(Double Pane Windows,Shades,Wood Frames),Flooring(Carpet)", Main,," Full,Unfinished", Some Wall-To-Wall Cp," Natural Gas, 2+ Sep Heating Systems"," Central Air, Electric"," Range, Dishwasher, Refrigerator, Disposal, Humidifier"," Vaulted/Cathedral Ceilings, Walk-In Closet(s)"," Power Door Operator, Sliding Glass Door(s)"
42,https://www.zillow.com/homedetails/7337-S-South-Shore-Dr-APT-602-Chicago-IL-60649/4025324_zpid/,"45,000","7337 S South Shore Dr APT 602,"," Chicago, IL 60649",Condominium,1962,,500, 1, 1, 1,, Main, 70 ,,,,,,,, 210 ,, Flooring(Carpet), Main,, None,, Natural Gas, 2 (Window/Wall Unit),,,
43,https://www.zillow.com/homedetails/4611-Fishermans-Ter-Lyons-IL-60534/3883759_zpid/,"295,900","4611 Fishermans Ter,"," Lyons, IL 60534",Single Family Residence,1964,"6,708 sqft","1,215", 2, 2, 2,, Main, 220 ,,, Lower, 324 ,,,, 264 ,,, Main,," English,Finished",, Natural Gas, Central Air,,,
44,https://www.zillow.com/homedetails/14340-Kimbark-Ave-Dolton-IL-60419/4242826_zpid/,"29,000","14340 Kimbark Ave,"," Dolton, IL 60419",Single Family Residence,1958,No Data,"1,097", 3, 2, 1, 1, Main, 200 ,,,,,,,, 280 ,,, Main,," Full,Unfinished,Bathroom Rough-In",," Natural Gas, Forced Air", None,,,
45,https://www.zillow.com/homedetails/14340-Kimbark-Ave-Dolton-IL-60419/4242826_zpid/,"29,000","14340 Kimbark Ave,"," Dolton, IL 60419",Single Family Residence,1958,No Data,"1,097", 3, 2, 1, 1, Main, 200 ,,,,,,,, 280 ,,, Main,," Full,Unfinished,Bathroom Rough-In",," Natural Gas, Forced Air", None,,,
46,https://www.zillow.com/homedetails/130-N-Garland-Ct-P7-59-Chicago-IL-60602/2070203208_zpid/,225,"130 N Garland Ct #P7-59,"," Chicago, IL 60602",,,,,,,,,,,,,,,,,,,,,,,,,,,,,
47,https://www.zillow.com/homedetails/3838-N-Wayne-Ave-Chicago-IL-60613/3710957_zpid/,"1,095,000","3838 N Wayne Ave,"," Chicago, IL 60613",Single Family Residence,1890,"3,005 sqft","2,653", 4, 4, 2, 2, Main, 160 ," Eating Area-Breakfast Bar, Eating Area-Table Space, Island, Breakfast Room, Custom Cabinetry, Updated Kitchen"," Windows(Blinds),Flooring(Carpet)", Third, 595 ,," Windows(Blinds,Curtains/Drapes),Flooring(Hardwood)", Main, 196 , Separate," Windows(Blinds),Flooring(Hardwood)", Main,, None," Hardwood, Some Carpeting", Natural Gas, Central Air," Range, Microwave, Dishwasher, Refrigerator, Washer, Dryer, Disposal, Stainless Steel Appliance(s), Range Hood, ENERGY STAR Qualified Appliances, Gas Cooktop, Gas Oven"," Vaulted/Cathedral Ceilings, Walk-In Closet(s), Beamed Ceilings, Open Floorplan",
48,https://www.zillow.com/homedetails/2133-Hawthorne-Rd-Homewood-IL-60430/4276217_zpid/,"189,900","2133 Hawthorne Rd,"," Homewood, IL 60430",Single Family Residence,1950,"7,318 sqft","1,443", 3, 2, 2,, Main, 180 ,,, Main, 240 ,,,, 273 ,,, Main,, None,, Natural Gas, Central Air,,,
49,https://www.zillow.com/homedetails/12523-S-Harvard-Ave-Chicago-IL-60628/4158788_zpid/,"160,000","12523 S Harvard Ave,"," Chicago, IL 60628",Single Family Residence,1958,"4,922 sqft","1,074", 3, 2, 2,, Main, 165 , Eating Area-Table Space, Flooring(Ceramic Tile), Basement, 748 ,, Flooring(Carpet), Main, 204 , Separate, Flooring(Carpet), Main,," Full,Finished",, Natural Gas, Central Air," Range, Refrigerator",,
50,https://www.zillow.com/homedetails/6816-W-65th-St-APT-6-Chicago-IL-60638/87692295_zpid/,"315,000","6816 W 65th St APT 6,"," Chicago, IL 60638",Townhouse,2006,No Data,"1,850", 3, 4, 3, 1, Second, 110 ,,, Main, 380 ,,, Second, 380 ,,, Main,," Full,Finished",," Natural Gas, Electric", Central Air,,,
51,https://www.zillow.com/homedetails/6925-S-Carpenter-St-Chicago-IL-60621/2104800001_zpid/,"159,900","6925 S Carpenter St,"," Chicago, IL 60621",Multi Family,1930,,--, 4, 2, 2,,,,,,,,,,,,,,,," Full,Walkout,Finished",, Natural Gas,,,,
52,https://www.zillow.com/homedetails/6925-S-Carpenter-St-Chicago-IL-60621/2104800001_zpid/,"159,900","6925 S Carpenter St,"," Chicago, IL 60621",Multi Family,1930,,--, 4, 2, 2,,,,,,,,,,,,,,,," Full,Walkout,Finished",, Natural Gas,,,,
53,https://www.zillow.com/homedetails/1110-N-Lake-Shore-Dr-APT-3N-Chicago-IL-60611/2078058128_zpid/,"725,000","1110 N Lake Shore Dr APT 3N,"," Chicago, IL 60611",Condominium,1969,,"2,122", 3, 3, 2, 1, Main, 170 ," Island, Pantry, Updated Kitchen",,,,, Flooring(Hardwood), Main, 529 , Separate, Flooring(Hardwood), Main,, None," Hardwood, Heated", Radiant, 3+ (Window/Wall Unit)," Range, Microwave, Dishwasher, Refrigerator, Washer, Dryer, Disposal, Stainless Steel Appliance(s), Wine Refrigerator, Built-In Oven, Range Hood"," Elevator, Storage, Walk-In Closet(s), Open Floorplan, Doorman, Lobby",
54,https://www.zillow.com/homedetails/4833-N-Olcott-Ave-UNIT-306-Harwood-Heights-IL-60706/89953798_zpid/,"319,900","4833 N Olcott Ave UNIT 306,"," Harwood Heights, IL 60706",Condominium,2007,,"1,226", 2, 2, 2,, Main, 140 ," Island, Granite Counters",,,,, Flooring(Hardwood), Main, 168 , Combined w/ LivRm, Flooring(Hardwood), Main,, None, Hardwood," Natural Gas, Forced Air, Steam, Radiant, 2+ Sep Heating Systems, Indv Controls", Central Air," Range, Microwave, Dishwasher, Refrigerator, Washer, Dryer, Disposal, Stainless Steel Appliance(s)"," Elevator, Storage, Flexicore", Sliding Glass Door(s)
55,https://www.zillow.com/homedetails/401-E-Ontario-St-APT-607-Chicago-IL-60611/58368045_zpid/,"249,000","401 E Ontario St APT 607,"," Chicago, IL 60611",Condominium,1990,,800, 1, 1, 1,, Main, 77 ,,,,,,, Main, 375 ,,, Main,, None,, Natural Gas, Central Air,,,
56,https://www.zillow.com/homedetails/1450-E-55th-Pl-APT-420S-Chicago-IL-60637/2123723742_zpid/,"190,000","1450 E 55th Pl APT 420S,"," Chicago, IL 60637",Condominium,1959,,--, 2, 2, 2,, Main, 70 ,,,,,," Windows(Blinds),Flooring(Wood Laminate)", Main, 272 ,," Windows(Blinds),Flooring(Wood Laminate)", Main,, None,," Steam, Baseboard", 3+ (Window/Wall Unit)," Range, Microwave, Dishwasher, Refrigerator",,
57,https://www.zillow.com/homedetails/8121-S-Commercial-Ave-Chicago-IL-60617/2070203756_zpid/,"135,000","8121 S Commercial Ave,"," Chicago, IL 60617",Multi Family,1884,,--, 4, 3, 2, 1,,,,,,,,,,,,,,," Full,Unfinished",, Natural Gas,,,,
58,https://www.zillow.com/homedetails/8121-S-Commercial-Ave-Chicago-IL-60617/2070203756_zpid/,"135,000","8121 S Commercial Ave,"," Chicago, IL 60617",Multi Family,1884,,--, 4, 3, 2, 1,,,,,,,,,,,,,,," Full,Unfinished",, Natural Gas,,,,
59,https://www.zillow.com/homedetails/432-Andrew-Ln-Schaumburg-IL-60193/3430541_zpid/,"324,900","432 Andrew Ln,"," Schaumburg, IL 60193",Single Family Residence,1970,"9,304 sqft","2,400", 3, 3, 2, 1, Main, 306 ," Eating Area-Breakfast Bar, Custom Cabinetry, Granite Counters, Updated Kitchen", Flooring(Other), Basement, 1140 ,, Flooring(Hardwood), Main, 240 , Kitchen/Dining Combo," Windows(Blinds),Flooring(Hardwood)", Main, 1200 ," Full,Finished"," Hardwood, Some Wood Floors", Natural Gas, Central Air," Microwave, Dishwasher, Refrigerator, Washer, Dryer, Stainless Steel Appliance(s), Cooktop, Gas Cooktop"," Wet Bar, 1st Floor Bedroom, 1st Floor Full Bath, Built-in Features, Open Floorplan, Granite Counters",
60,https://www.zillow.com/homedetails/4606-River-Rd-APT-A4-Schiller-Park-IL-60176/60261246_zpid/,"99,900","4606 River Rd APT A4,"," Schiller Park, IL 60176",Condominium,1966,,600, 1, 1, 1,, Main, 70 , Eating Area-Breakfast Bar,,,,, Flooring(Porcelain Tile), Main, 209 , Combined w/ LivRm, Flooring(Wood Laminate), Main,," Full,Unfinished", Wood Laminate Floors, Baseboard, 1 (Window/Wall Unit)," Range, Refrigerator", Storage,
61,https://www.zillow.com/homedetails/1823-Grove-Ave-Schaumburg-IL-60193/49914904_zpid/,"245,000","1823 Grove Ave,"," Schaumburg, IL 60193",Townhouse,1997,No Data,"1,400", 2, 3, 2, 1, Main, 110 , Eating Area-Breakfast Bar,,,,," Windows(Blinds),Flooring(Wood Laminate)", Main, 192 , L-shaped," Windows(Blinds),Flooring(Wood Laminate)", Main,, None,," Natural Gas, Forced Air", Central Air," Range, Microwave, Dishwasher, Refrigerator, Washer, Dryer",,
62,https://www.zillow.com/homedetails/6545-W-81st-Pl-Burbank-IL-60459/3966126_zpid/,"364,900","6545 W 81st Pl,"," Burbank, IL 60459",Single Family Residence,No Data,0.50 Acres,"2,484", 3, 2, 2,, Main, 312 ,, Flooring(Carpet), Basement, 440 ,, Flooring(Ceramic Tile),, 196 ,, Flooring(Hardwood),,," Partial,Finished",," Natural Gas, Forced Air", Central Air,,,
63,https://www.zillow.com/homedetails/3010-S-Christiana-Ave-Chicago-IL-60623/2096703616_zpid/,"214,000","3010 S Christiana Ave,"," Chicago, IL 60623",Multi Family,1895,,--, 3, 2, 2,,,,,,,,,,,,,,,," None,Crawl",," Natural Gas, Space Heater",,,,
64,https://www.zillow.com/homedetails/3010-S-Christiana-Ave-Chicago-IL-60623/2096703616_zpid/,"214,000","3010 S Christiana Ave,"," Chicago, IL 60623",Multi Family,1895,,--, 3, 2, 2,,,,,,,,,,,,,,,," None,Crawl",," Natural Gas, Space Heater",,,,
65,https://www.zillow.com/homedetails/701-S-Wells-St-APT-1407-Chicago-IL-60607/65547401_zpid/,"205,000","701 S Wells St APT 1407,"," Chicago, IL 60607",Condominium,2002,,--, 1, 1, 1,, Main, 135 , Eating Area-Breakfast Bar,,,,,,, 255 ,, Flooring(Hardwood), Main,, None, Hardwood," Forced Air, Other", Central Air," Range, Microwave, Dishwasher, Refrigerator, Washer, Dryer, Disposal",,
66,https://www.zillow.com/homedetails/4510-W-Thomas-St-Chicago-IL-60651/2070204053_zpid/,"165,000","4510 W Thomas St,"," Chicago, IL 60651",Multi Family,1908,,--, 5, 2, 2,,,,,,,,,,,,,,,, None,, Natural Gas,,,,
67,https://www.zillow.com/homedetails/595-E-Parkway-Rd-Riverside-IL-60546/3778143_zpid/,"589,000","595 E Parkway Rd,"," Riverside, IL 60546",Single Family Residence,1942,"8,324 sqft","4,342", 5, 3, 2, 1, Main, 289 ," Eating Area-Table Space, Island",,,,, Flooring(Hardwood), Main, 288 , Separate, Flooring(Hardwood), Main,," Full,Partially Finished", Hardwood," Steam, Radiators", None," Range, Microwave, Dishwasher, Refrigerator, Washer, Dryer, Disposal, Range Hood"," 1st Floor Full Bath, Walk-In Closet(s), Historic/Period Mlwk, Cocktail Lounge",
68,https://www.zillow.com/homedetails/595-E-Parkway-Rd-Riverside-IL-60546/3778143_zpid/,"589,000","595 E Parkway Rd,"," Riverside, IL 60546",Single Family Residence,1942,"8,324 sqft","4,342", 5, 3, 2, 1, Main, 289 ," Eating Area-Table Space, Island",,,,, Flooring(Hardwood), Main, 288 , Separate, Flooring(Hardwood), Main,," Full,Partially Finished", Hardwood," Steam, Radiators", None," Range, Microwave, Dishwasher, Refrigerator, Washer, Dryer, Disposal, Range Hood"," 1st Floor Full Bath, Walk-In Closet(s), Historic/Period Mlwk, Cocktail Lounge",
69,https://www.zillow.com/homedetails/8525-W-Catherine-Ave-UNIT-174-Chicago-IL-60656/3581404_zpid/,"159,900","8525 W Catherine Ave UNIT 174,"," Chicago, IL 60656",Condominium,1979,,850, 2, 1, 1,, Main, 120 , Eating Area-Table Space,,,,,,, 400 ,," Windows(All),Flooring(Carpet)", Main,," Partial,Other",," Electric, Baseboard", 2 (Window/Wall Unit)," Range, Microwave, Dishwasher, Refrigerator",,
70,https://www.zillow.com/homedetails/7024-7026-S-Wentworth-Ave-W-Chicago-IL-60621/2070204144_zpid/,"390,000","7024-7026 S Wentworth Ave W,"," Chicago, IL 60621",Multi Family,1883,,--, 14, 4, 4,,,,,,,,,,,,,,,," Full,Walkout,Unfinished",, Natural Gas,,,,
71,https://www.zillow.com/homedetails/10808-Cook-Ave-Oak-Lawn-IL-60453/54541923_zpid/,"449,900","10808 Cook Ave,"," Oak Lawn, IL 60453",Single Family Residence,1999,"7,126 sqft","2,978", 4, 4, 3, 1, Main, 272 ,, Flooring(Carpet), Main, 221 ,, Flooring(Carpet), Main, 180 ,, Flooring(Carpet), Main,," Full,Finished",, Natural Gas, Central Air," Range, Dishwasher, Refrigerator, Washer, Dryer",,
72,https://www.zillow.com/homedetails/7632-S-Rhodes-Ave-Chicago-IL-60619/4006162_zpid/,"110,000","7632 S Rhodes Ave,"," Chicago, IL 60619",Single Family Residence,1909,"3,101 sqft","1,600", 4, 2, 2,, Main, 80 , Eating Area-Table Space,, Basement, 120 ,,, Main, 200 , Separate,, Main,," Full,Walkout,Finished,Exterior Access",," Natural Gas, Forced Air, Radiators", None,,,
73,https://www.zillow.com/homedetails/7047-S-May-St-Chicago-IL-60621/2119480437_zpid/,"171,900","7047 S May St,"," Chicago, IL 60621",Multi Family,1920,,--, 8, 3, 3,,,,,,,,,,,,,,,," Full,Finished",, Natural Gas,,,,
74,https://www.zillow.com/homedetails/3109-Hill-Ln-Wilmette-IL-60091/3370385_zpid/,"429,000","3109 Hill Ln,"," Wilmette, IL 60091",Single Family Residence,1957,"7,984 sqft","1,411", 4, 2, 2,, Main, 135 , Eating Area-Table Space, Flooring(Other), Lower, 210 ,, Flooring(Hardwood), Main, 475 , Combined w/ LivRm," Windows(Curtains/Drapes),Flooring(Hardwood)", Main,," None,Crawl", Hardwood," Natural Gas, Forced Air", Central Air," Range, Microwave, Dishwasher, Refrigerator, Washer, Dryer"," Vaulted/Cathedral Ceilings, In-Law Floorplan",
75,https://www.zillow.com/homedetails/7408-S-Yates-Blvd-Chicago-IL-60649/4002362_zpid/,"120,000","7408 S Yates Blvd,"," Chicago, IL 60649",Single Family Residence,1923,"3,789 sqft","1,200", 3, 1, 1,, Main, 80 , Eating Area-Table Space,,,,,, Main, 150 , Separate, Flooring(Hardwood), Main,," Full,Unfinished",," Natural Gas, Forced Air", None,,,
76,https://www.zillow.com/homedetails/8-W-Monroe-St-P-77-Chicago-IL-60603/119094362_zpid/,,"8 W Monroe St #P-77,"," Chicago, IL 60603",,,,,,,,,,,,,,,,,,,,,,,,,,,,,
77,https://www.zillow.com/homedetails/3900-Dundee-Rd-APT-103-Northbrook-IL-60062/2075739643_zpid/,"289,000","3900 Dundee Rd APT 103,"," Northbrook, IL 60062",Condominium,1973,,--, 2, 2, 2,, Main, 135 , Eating Area-Table Space,,,,," Windows(None),Flooring(Hardwood)", Main, 384 , Separate, Flooring(Carpet), Main,, None, Hardwood," Natural Gas, Forced Air", Central Air," Range, Dishwasher, Refrigerator"," Elevator, Storage",
78,https://www.zillow.com/homedetails/3008-S-Central-Park-Ave-Chicago-IL-60623/3826895_zpid/,"194,900","3008 S Central Park Ave,"," Chicago, IL 60623",Single Family Residence,No Data,"3,123 sqft",--, 3, 3, 3,, Main, 144 ,, Flooring(Ceramic Tile), Main, 187 ,, Flooring(Hardwood), Main, 132 ,, Flooring(Hardwood), Main,," Full,Finished",, Natural Gas, Central Air,,,
79,https://www.zillow.com/homedetails/8017-Country-Club-Ln-Riverside-IL-60546/3779280_zpid/,"429,000","8017 Country Club Ln,"," Riverside, IL 60546",Single Family Residence,1956,"6,011 sqft","1,800", 3, 2, 2,, Main, 176 , Galley, Flooring(Vinyl), Basement, 520 ,, Flooring(Hardwood), Main, 252 , Combined w/ LivRm, Flooring(Hardwood), Main,," Full,Finished,Exterior Access,Rec/Family Area"," Hardwood, Some Carpeting"," Natural Gas, Forced Air", Central Air,," Wet Bar, 1st Floor Bedroom, 1st Floor Full Bath, Built-in Features, Open Floorplan, Dining Combo", Some Storm Doors
80,https://www.zillow.com/homedetails/3008-S-Central-Park-Ave-Chicago-IL-60623/3826895_zpid/,"194,900","3008 S Central Park Ave,"," Chicago, IL 60623",Single Family Residence,No Data,"3,123 sqft",--, 3, 3, 3,, Main, 144 ,, Flooring(Ceramic Tile), Main, 187 ,, Flooring(Hardwood), Main, 132 ,, Flooring(Hardwood), Main,," Full,Finished",, Natural Gas, Central Air,,,
81,https://www.zillow.com/homedetails/8526-S-Karlov-Ave-Chicago-IL-60652/3973781_zpid/,"264,900","8526 S Karlov Ave,"," Chicago, IL 60652",Single Family Residence,No Data,No Data,"1,201", 3, 1, 1,, Main, 190 ,,,,,,,, 216 ,," Windows(Bay Window(s),Blinds),Flooring(Carpet)", Main, 1201 ," Full,Finished,Storage Space",, Natural Gas, Central Air,,,
82,https://www.zillow.com/homedetails/2750-W-Monroe-St-Chicago-IL-60612/245677878_zpid/,"569,000","2750 W Monroe St,"," Chicago, IL 60612",Single Family Residence,2021,No Data,"3,050", 4, 4, 3, 1, Main, 104 , Island, Flooring(Hardwood), Main, 221 ,, Flooring(Hardwood), Main, 336 , Combined w/ LivRm, Flooring(Hardwood), Main,," English,Finished"," Hardwood, Heated, Some Carpeting"," Natural Gas, Forced Air", Central Air," Range, Microwave, Dishwasher, Refrigerator, Washer, Dryer, Disposal, Stainless Steel Appliance(s), Range Hood, Humidifier"," Built-in Features, Walk-In Closet(s)",
83,https://www.zillow.com/homedetails/2536-Forest-View-Ave-River-Grove-IL-60171/3604388_zpid/,"224,000","2536 Forest View Ave,"," River Grove, IL 60171",Single Family Residence,1930,"5,349 sqft","1,510", 3, 3, 2, 1, Main, 182 ,,,,,,,, 180 ,, Flooring(Hardwood), Main,," Full,Unfinished", Hardwood, Radiant, None,," 1st Floor Bedroom, Built-in Features",
84,https://www.zillow.com/homedetails/1500-W-Grand-Ave-APT-2E-Chicago-IL-60642/70465678_zpid/,"499,000","1500 W Grand Ave APT 2E,"," Chicago, IL 60642",Condominium,2004,,"1,401", 2, 2, 2,, Main, 135 , Eating Area-Breakfast Bar,,,,, Flooring(Hardwood), Main, 342 , Combined w/ LivRm, Flooring(Hardwood), Main,," Partial,Finished",," Natural Gas, Forced Air", Central Air," Range, Microwave, Dishwasher, Refrigerator, Washer, Dryer", Elevator,
85,https://www.zillow.com/homedetails/1425-Parnell-Ave-Chicago-Heights-IL-60411/4329880_zpid/,"59,900","1425 Parnell Ave,"," Chicago Heights, IL 60411",Multi Family,1930,,--, 4, 1, 1,,,,,,,,,,,,,,,, None,, Radiators,,,,
86,https://www.zillow.com/homedetails/2510-W-Flournoy-St-Chicago-IL-60612/2105787267_zpid/,"824,900","2510 W Flournoy St,"," Chicago, IL 60612",Multi Family,1999,,--, 9, 6, 3, 3,,,,,,,,,,,,,,," Walkout,Finished",," Natural Gas, Electric",,,,
87,https://www.zillow.com/homedetails/2727-Harrison-St-Glenview-IL-60025/3470913_zpid/,"595,000","2727 Harrison St,"," Glenview, IL 60025",Single Family Residence,1971,"10,454 sqft","2,839", 4, 3, 2, 1, Main, 132 ," Eating Area-Table Space, Pantry-Closet"," Windows(Plantation Shutters),Flooring(Hardwood)", Main, 228 ,," Windows(Plantation Shutters),Flooring(Hardwood)", Main, 234 , Separate," Windows(Curtains/Drapes),Flooring(Hardwood)", Main,," Full,Unfinished", Hardwood, Natural Gas, Central Air," Double Oven, Microwave, Dishwasher, Refrigerator, Freezer, Washer, Dryer, Disposal"," Wet Bar, Walk-In Closet(s)",
88,https://www.zillow.com/homedetails/339-Greenleaf-Ave-UNIT-D-Wilmette-IL-60091/3376857_zpid/,"590,000","339 Greenleaf Ave UNIT D,"," Wilmette, IL 60091",Townhouse,1965,No Data,"1,710", 3, 3, 2, 1, Main, 72 , Eating Area-Table Space,,,,, Flooring(Hardwood), Main, 325 , Separate, Flooring(Hardwood), Main,," Full,Partially Finished",," Natural Gas, Forced Air", Central Air," Range, Microwave, Dishwasher, Refrigerator",,
89,https://www.zillow.com/homedetails/6557-W-Addison-St-APT-3W-Chicago-IL-60634/3657663_zpid/,"122,500","6557 W Addison St APT 3W,"," Chicago, IL 60634",Condominium,1973,,800, 1, 1, 1,, Main, 224 ,,,,,,,, 224 , Kitchen/Dining Combo,, Main,," Full,English,Finished",, Electric, 1 (Window/Wall Unit),,,
90,https://www.zillow.com/homedetails/850-N-Dewitt-Pl-APT-4H-Chicago-IL-60611/3852306_zpid/,"275,000","850 N Dewitt Pl APT 4H,"," Chicago, IL 60611",Condominium,1961,,869, 1, 1, 1,, Main, 110 ,,,,,,,, 340 ,, Windows(Blinds), Main,, None,, Radiant, 2 (Window/Wall Unit),," Elevator, Storage, Doorman, Granite Counters, Lobby",
91,https://www.zillow.com/homedetails/6514-S-Talman-Ave-Chicago-IL-60629/2103751770_zpid/,"459,000","6514 S Talman Ave,"," Chicago, IL 60629",Multi Family,1924,,--, 8, 4, 4,,,,,,,,,,,,,,,," Full,Finished",, Natural Gas,,,,
92,https://www.zillow.com/homedetails/401-N-Wabash-Ave-73B-Chicago-IL-60611/2140818731_zpid/,"1,300,000","401 N Wabash Ave #73B,"," Chicago, IL 60611",Condominium,2008,,"1,839", 2, 3, 2, 1, Main, 165 , Eating Area-Breakfast Bar,,,,,, Main, 464 , Combined w/ LivRm, Flooring(Hardwood), Main,, None, Hardwood," Natural Gas, Forced Air", Central Air," Range, Microwave, Dishwasher, Refrigerator, Freezer, Washer, Dryer, Disposal",,
93,https://www.zillow.com/homedetails/3854-N-Claremont-Ave-Chicago-IL-60618/2070419001_zpid/,"799,000","3854 N Claremont Ave,"," Chicago, IL 60618",Multi Family,1915,,--, 4, 2, 2,,,,,,,,,,,,,,,," Full,Unfinished",, Radiant,,,,
94,https://www.zillow.com/homedetails/2312-W-Bloomingdale-Ave-APT-D-Chicago-IL-60647/2077400283_zpid/,"415,000","2312 W Bloomingdale Ave APT D,"," Chicago, IL 60647",Condominium,1998,,"1,300", 2, 2, 2,, Main, 117 ," Island, Granite Counters",,,,, Flooring(Hardwood), Main, 234 , Combined w/ LivRm," Windows(Window Treatments),Flooring(Hardwood)", Main,, None," Hardwood, Some Carpeting", Natural Gas, Central Air," Range, Refrigerator, Washer, Dryer"," Open Floorplan, Granite Counters",
95,https://www.zillow.com/homedetails/155-Oak-Ridge-Ave-Hillside-IL-60162/3770825_zpid/,"250,000","155 Oak Ridge Ave,"," Hillside, IL 60162",Single Family Residence,1907,"6,359 sqft","1,200", 3, 1, 1,, Main, 180 ,,,,,,,, 180 ,, Flooring(Marble), Main,," Full,Unfinished", Hardwood," Natural Gas, Forced Air", Central Air," Range, Refrigerator, Washer, Dryer",,
96,https://www.zillow.com/homedetails/1117-Gage-St-Winnetka-IL-60093/3359362_zpid/,"1,549,900","1117 Gage St,"," Winnetka, IL 60093",Single Family Residence,1999,"10,001 sqft","3,528", 5, 4, 3, 1, Main, 208 ," Eating Area-Table Space, Island"," Windows(None),Flooring(Hardwood)", Main, 330 ,," Windows(Curtains/Drapes),Flooring(Hardwood)", Main, 208 , Separate," Windows(Blinds),Flooring(Hardwood)", Main,," Full,Finished", Hardwood," Natural Gas, Forced Air", Central Air," Range, Dishwasher, Refrigerator, Washer, Dryer, Disposal"," Vaulted/Cathedral Ceilings, 1st Floor Full Bath",
97,https://www.zillow.com/homedetails/1622-W-Pierce-Ave-Chicago-IL-60622/2132453110_zpid/,"670,000","1622 W Pierce Ave,"," Chicago, IL 60622",Multi Family,1878,,--, 3, 2, 2,,,,,,,,,,,,,,,," Partial,Unfinished",," Natural Gas, Forced Air",,,,
98,https://www.zillow.com/homedetails/4745-S-Woodlawn-Ave-Chicago-IL-60615/3985031_zpid/,"215,000","4745 S Woodlawn Ave,"," Chicago, IL 60615",Single Family Residence,1966,"1,655 sqft","1,415", 4, 2, 1, 1, Main, 143 ,,,,,,,, 120 ,,, Main,," Full,Finished",, Natural Gas, None,,,
99,https://www.zillow.com/homedetails/4745-S-Woodlawn-Ave-Chicago-IL-60615/3985031_zpid/,"215,000","4745 S Woodlawn Ave,"," Chicago, IL 60615",Single Family Residence,1966,"1,655 sqft","1,415", 4, 2, 1, 1, Main, 143 ,,,,,,,, 120 ,,, Main,," Full,Finished",, Natural Gas, None,,,
100,https://www.zillow.com/homedetails/1000-W-Weathersfield-Way-Schaumburg-IL-60193/3430477_zpid/,"379,000","1000 W Weathersfield Way,"," Schaumburg, IL 60193",Single Family Residence,1971,"8,886 sqft","1,765", 3, 2, 2,, Main, 187 , Island,, Main, 288 ,, Flooring(Hardwood), Main, 224 , Separate, Flooring(Hardwood), Main,, None," Hardwood, Some Carpeting, Some Wood Floors"," Natural Gas, Forced Air", Central Air," Range, Microwave, Dishwasher, Refrigerator, Washer, Dryer, Humidifier"," 1st Floor Bedroom, 1st Floor Full Bath",
101,https://www.zillow.com/homedetails/500-W-Superior-St-UNIT-1609-Chicago-IL-60654/80853060_zpid/,"499,500","500 W Superior St UNIT 1609,"," Chicago, IL 60654",Condominium,1974,,"1,095", 2, 2, 2,, Main, 130 ," Eating Area-Breakfast Bar, Pantry-Closet",,,,, Flooring(Hardwood), Main, 306 , Combined w/ LivRm," Windows(Shades),Flooring(Hardwood)", Main,, None, Hardwood," Forced Air, Other", Central Air," Range, Microwave, Dishwasher, Refrigerator, Freezer, Washer, Dryer, Disposal, Stainless Steel Appliance(s)", Storage,
102,https://www.zillow.com/homedetails/1154-W-Ohio-St-101-Chicago-IL-60642/306333750_zpid/,"550,000","1154 W Ohio St #101,"," Chicago, IL 60642",Condominium,2017,,"1,619", 3, 3, 3,, Lower, 72 , Eating Area-Breakfast Bar,,,,, Flooring(Hardwood), Lower, 399 , Combined w/ LivRm, Flooring(Hardwood), Lower,," Full,Finished"," Hardwood, Heated"," Natural Gas, Forced Air, Radiant, 2+ Sep Heating Systems, Indv Controls", Central Air," Range, Microwave, Dishwasher, Refrigerator, Freezer, Washer, Dryer, Trash Compactor, Stainless Steel Appliance(s), Cooktop, Gas Cooktop, Gas Oven, Humidifier"," Walk-In Closet(s), Dining Combo",
103,https://www.zillow.com/homedetails/1154-W-Ohio-St-101-Chicago-IL-60642/306333750_zpid/,"550,000","1154 W Ohio St #101,"," Chicago, IL 60642",Condominium,2017,,"1,619", 3, 3, 3,, Lower, 72 , Eating Area-Breakfast Bar,,,,, Flooring(Hardwood), Lower, 399 , Combined w/ LivRm, Flooring(Hardwood), Lower,," Full,Finished"," Hardwood, Heated"," Natural Gas, Forced Air, Radiant, 2+ Sep Heating Systems, Indv Controls", Central Air," Range, Microwave, Dishwasher, Refrigerator, Freezer, Washer, Dryer, Trash Compactor, Stainless Steel Appliance(s), Cooktop, Gas Cooktop, Gas Oven, Humidifier"," Walk-In Closet(s), Dining Combo",
104,https://www.zillow.com/homedetails/6143-N-Lawndale-Ave-Chicago-IL-60659/3620124_zpid/,"405,000","6143 N Lawndale Ave,"," Chicago, IL 60659",Single Family Residence,1969,"3,833 sqft","1,152", 4, 2, 2,, Main, 90 ," Eating Area-Table Space, Galley", Flooring(Carpet), Lower, 252 ,, Flooring(Hardwood), Main, 221 , Combined w/ LivRm, Flooring(Hardwood), Main,," Partial,Walkout,Unfinished,Sub-Basement",, Natural Gas, Central Air," Range, Refrigerator, Washer, Dryer",,
105,https://www.zillow.com/homedetails/2303-Holiday-Ter-APT-53-Lansing-IL-60438/4272347_zpid/,"53,000","2303 Holiday Ter APT 53,"," Lansing, IL 60438",Condominium,1970,,700, 1, 1, 1,, Main, 110 , Eating Area-Table Space,,,,," Windows(All),Flooring(Wood Laminate)", Main, 169 , Combined w/ LivRm," Windows(All),Flooring(Wood Laminate)", Main,, None," Hardwood, Wood Laminate Floors"," Electric, Baseboard"," Central Air, 1 (Window/Wall Unit)"," Range, Microwave, Dishwasher, Refrigerator, Disposal"," Vaulted/Cathedral Ceilings, Elevator",
106,https://www.zillow.com/homedetails/2303-Holiday-Ter-APT-53-Lansing-IL-60438/4272347_zpid/,"53,000","2303 Holiday Ter APT 53,"," Lansing, IL 60438",Condominium,1970,,700, 1, 1, 1,, Main, 110 , Eating Area-Table Space,,,,," Windows(All),Flooring(Wood Laminate)", Main, 169 , Combined w/ LivRm," Windows(All),Flooring(Wood Laminate)", Main,, None," Hardwood, Wood Laminate Floors"," Electric, Baseboard"," Central Air, 1 (Window/Wall Unit)"," Range, Microwave, Dishwasher, Refrigerator, Disposal"," Vaulted/Cathedral Ceilings, Elevator",
107,https://www.zillow.com/homedetails/510-W-Erie-St-APT-1602-Chicago-IL-60654/63699307_zpid/,"425,000","510 W Erie St APT 1602,"," Chicago, IL 60654",Condominium,2003,,--, 2, 2, 2,, Main, 108 , Island,,,,,, Main, 420 , Combined w/ LivRm, Flooring(Wood Laminate), Main,, None, Wood Laminate Floors," Natural Gas, Forced Air", Central Air," Range, Microwave, Dishwasher, Refrigerator, Washer, Dryer, Disposal, Stainless Steel Appliance(s)"," Storage, Built-in Features, Walk-In Closet(s)",
108,https://www.zillow.com/homedetails/680-N-Lake-Shore-Dr-APT-912-Chicago-IL-60611/3866139_zpid/,"550,000","680 N Lake Shore Dr APT 912,"," Chicago, IL 60611",Condominium,No Data,,"1,700", 3, 2, 2,, Main, 168 ,,,,,, Flooring(Hardwood), Main, 480 ,, Flooring(Hardwood), Main,, None, Hardwood, Steam, Central Air,, Storage,
109,https://www.zillow.com/homedetails/Crestwood-IL-60445/4209625_zpid/,"200,000","(Undisclosed Address),"," Crestwood, IL 60445",Single Family Residence,1980,"10,193 sqft","1,187", 3, 2, 2,, Main, 100 ,,,,,,,,,,,,, None,," Natural Gas, Electric", Central Air,,,
110,https://www.zillow.com/homedetails/18430-Pine-Cone-Dr-APT-1-Tinley-Park-IL-60477/4299286_zpid/,"172,500","18430 Pine Cone Dr APT 1,"," Tinley Park, IL 60477",Condominium,1994,,"1,600", 2, 2, 2,, Main, 150 ," Eating Area-Table Space, Galley",,,,, Flooring(Carpet), Main, 238 , L-shaped, Flooring(Carpet), Main,, None,," Natural Gas, Forced Air", Central Air," Range, Microwave, Dishwasher, Refrigerator, Washer, Dryer, Humidifier"," 1st Floor Bedroom, Flexicore",
111,https://www.zillow.com/homedetails/2900-N-Troy-St-A3-Chicago-IL-60618/87711424_zpid/,"275,000","2900 N Troy St #A3,"," Chicago, IL 60618",Condominium,1915,,--, 2, 2, 2,, Main, 216 ,,,,,,,, 132 ,, Flooring(Hardwood), Main,, None,," Natural Gas, Forced Air", Central Air," Range, Microwave, Dishwasher, Refrigerator, Freezer, Washer, Dryer, Stainless Steel Appliance(s), Gas Cooktop"," Storage, Open Floorplan",
112,https://www.zillow.com/homedetails/18430-Pine-Cone-Dr-APT-1-Tinley-Park-IL-60477/4299286_zpid/,"172,500","18430 Pine Cone Dr APT 1,"," Tinley Park, IL 60477",Condominium,1994,,"1,600", 2, 2, 2,, Main, 150 ," Eating Area-Table Space, Galley",,,,, Flooring(Carpet), Main, 238 , L-shaped, Flooring(Carpet), Main,, None,," Natural Gas, Forced Air", Central Air," Range, Microwave, Dishwasher, Refrigerator, Washer, Dryer, Humidifier"," 1st Floor Bedroom, Flexicore",
113,https://www.zillow.com/homedetails/2900-N-Troy-St-A3-Chicago-IL-60618/87711424_zpid/,"275,000","2900 N Troy St #A3,"," Chicago, IL 60618",Condominium,1915,,--, 2, 2, 2,, Main, 216 ,,,,,,,, 132 ,, Flooring(Hardwood), Main,, None,," Natural Gas, Forced Air", Central Air," Range, Microwave, Dishwasher, Refrigerator, Freezer, Washer, Dryer, Stainless Steel Appliance(s), Gas Cooktop"," Storage, Open Floorplan",
114,https://www.zillow.com/homedetails/1435-W-Catalpa-Ave-APT-3-Chicago-IL-60640/3698700_zpid/,"475,000","1435 W Catalpa Ave APT 3,"," Chicago, IL 60640",Condominium,1916,,"1,741", 2, 2, 2,, Main, 187 ,,,,,, Flooring(Hardwood), Main, 238 , Separate, Flooring(Hardwood), Main,," Partial,Walkout,Exterior Access", Hardwood," Natural Gas, Forced Air", Central Air," Range, Microwave, Dishwasher, Washer, Dryer, Disposal, Stainless Steel Appliance(s)", Storage,
115,https://www.zillow.com/homedetails/1435-W-Catalpa-Ave-APT-3-Chicago-IL-60640/3698700_zpid/,"475,000","1435 W Catalpa Ave APT 3,"," Chicago, IL 60640",Condominium,1916,,"1,741", 2, 2, 2,, Main, 187 ,,,,,, Flooring(Hardwood), Main, 238 , Separate, Flooring(Hardwood), Main,," Partial,Walkout,Exterior Access", Hardwood," Natural Gas, Forced Air", Central Air," Range, Microwave, Dishwasher, Washer, Dryer, Disposal, Stainless Steel Appliance(s)", Storage,
116,https://www.zillow.com/homedetails/Oak-Forest-IL-60452/4222132_zpid/,"249,900","(Undisclosed Address),"," Oak Forest, IL 60452",Single Family Residence,1971,"8,232 sqft","1,484", 3, 5, 3, 2, Main, 150 ,, Flooring(Carpet), Lower, 483 ,, Flooring(Ceramic Tile), Main, 216 , Combined w/ LivRm, Flooring(Carpet), Main,, None,," Natural Gas, Forced Air", Central Air, Stainless Steel Appliance(s),,
117,https://www.zillow.com/homedetails/4321-Madison-Ave-Brookfield-IL-60513/3887023_zpid/,"475,000","4321 Madison Ave,"," Brookfield, IL 60513",Single Family Residence,1951,"6,316 sqft","3,500", 5, 3, 2, 1, Main, 324 ," Eating Area-Breakfast Bar, Eating Area-Table Space, Island", Flooring(Wood Laminate), Main, 270 ,, Flooring(Wood Laminate), Main, 266 , Separate, Flooring(Wood Laminate), Main,, None, Some Carpeting," Natural Gas, Forced Air", Central Air," Range, Microwave, Dishwasher, Refrigerator, Washer, Dryer, Disposal", Vaulted/Cathedral Ceilings,
118,https://www.zillow.com/homedetails/4321-Madison-Ave-Brookfield-IL-60513/3887023_zpid/,"475,000","4321 Madison Ave,"," Brookfield, IL 60513",Single Family Residence,1951,"6,316 sqft","3,500", 5, 3, 2, 1, Main, 324 ," Eating Area-Breakfast Bar, Eating Area-Table Space, Island", Flooring(Wood Laminate), Main, 270 ,, Flooring(Wood Laminate), Main, 266 , Separate, Flooring(Wood Laminate), Main,, None, Some Carpeting," Natural Gas, Forced Air", Central Air," Range, Microwave, Dishwasher, Refrigerator, Washer, Dryer, Disposal", Vaulted/Cathedral Ceilings,
119,https://www.zillow.com/homedetails/1221-Prince-Dr-South-Holland-IL-60473/4259427_zpid/,"150,000","1221 Prince Dr,"," South Holland, IL 60473",Single Family Residence,1966,"6,795 sqft","1,153", 3, 2, 1, 1, Main, 143 ,,,,,,,, 120 ,,, Main,, None,, Natural Gas, None,,,
